,age,gender,height,weight,ap_hi,ap_lo,cholesterol,gluc,smoke,alco,active,cardio,count,baseline
0,20358.792039355994,1.1145646988670244,161.32230172927848,79.09271019677995,145.5660405485987,90.89042933810376,1.564773404889684,1.0899672033392964,0.0011926058437686344,7.453786523553965e-05,0.805530709600477,0.8113446630888491,13416.0,0.8113446630888491
1,20378.194855413585,1.2481506388702084,163.2656355077337,77.26763618022865,129.84381304640215,82.70544720914593,2.3865164761264293,2.8063214525891054,0.021856086079354405,0.00605245460659045,0.7898453261600538,0.624747814391392,5948.0,0.624747814391392
2,19142.787016574584,1.6983425414364641,167.77265193370167,77.9235635359116,128.7839779005525,82.70911602209945,1.4488950276243093,1.2320441988950277,0.49917127071823203,1.0,0.843646408839779,0.4723756906077348,3620.0,0.5276243093922652
3,19094.488708885616,1.8595974472263133,169.32916053019144,76.91698576337753,127.28915071183113,81.61708394698086,1.336033382425135,1.1661757486499755,1.0,0.0,0.8321060382916053,0.47152675503190966,4074.0,0.5284732449680903
4,19275.916052222146,1.9774064804166949,170.76554150037205,76.71837245484679,124.61895420415343,80.62768044375296,1.1791246702293174,1.0556044104714875,0.0,0.0,0.7866468240546574,0.4662111885273625,14783.0,0.5337888114726375
5,19015.29539061621,1.0140644338596556,161.53594869294528,68.25321231669353,116.91835127330008,76.2407831076773,1.130555451374564,1.043468476915576,3.7505156959081875e-05,0.0,0.8046356374001425,0.3273075047819075,26663.0,0.6726924952180925
